,filename,mean_difference
0,1.0,0.694222124674241
1,1.5,0.694222124674241
2,2.0,0.694222124674241
3,2.5,0.694222124674241
4,3.0,0.694222124674241
5,3.5,0.694222124674241
6,4.0,0.694222124674241
7,4.5,0.694222124674241
8,5.0,0.694222124674241
9,5.5,0.694222124674241
