,filename,mean_difference
0,1.0,0.5787279117916125
1,2.0,0.570475829361067
2,3.0,0.40228914889177786
3,4.0,0.5284065193316964
4,5.0,0.39528544144317657
5,6.0,0.30805447221018506
