,filename,mean_difference
0,1.0,0.607849628744472
1,2.0,0.4394580342886713
2,3.0,0.42862074449536525
3,4.0,0.5063448948534894
4,5.0,0.46039911245927423
5,6.0,0.5721052792842479
