,filename,mean_difference
0,1.0,0.5388804993456155
1,2.0,0.30981639484546464
2,3.0,0.37050656062283976
3,4.0,0.7514681700728213
4,5.0,0.7209302325581395
5,6.0,0.7209302325581395
