,filename,mean_difference
0,1.0,0.42573852055146294
1,1.5,0.4937785335661979
2,2.0,0.5044376233810006
3,2.5,0.577696326255477
4,3.0,0.5367310983590053
5,3.5,0.44736976875500634
6,4.0,0.5884346863113293
7,4.5,0.45469672895355406
8,5.0,0.5226779324858192
9,5.5,0.5099328544727938
