,filename,mean_difference
0,1.0,0.44142037344653645
1,1.5,0.43849075522170167
2,2.0,0.41942916359050086
3,2.5,0.4169221649462845
4,3.0,0.4033828832772536
5,3.5,0.3580924786830843
6,4.0,0.34869725144579794
7,4.5,0.32630724437061653
8,5.0,0.30392774086378743
9,5.5,0.28129499507813466
