,filename,mean_difference
0,0.0,3.9966014593373083
1,1.0,4.252176939294443
2,2.0,3.49479659552334
3,3.0,3.5387173623022683
4,4.0,3.0208694083694083
5,5.0,3.3173611111111114
6,6.0,5.222202765621865
7,7.0,5.051883832368694
8,8.0,4.382303612566771
9,9.0,4.509058329697865
