,filename,mean_difference
0,0.0,50.44289920593306
1,1.0,12.154244287174503
2,2.0,41.525715977819104
3,3.0,48.10355502097874
4,4.0,14.485500356745629
5,5.0,-20.958269398468804
6,6.0,4.191091343813924
7,7.0,57.88017069254886
8,8.0,-15.32814332568513
9,9.0,44.49638186788774
