,filename,mean_difference
0,0.01,534.5
1,0.060000000000000005,534.5
2,0.11,534.5
3,0.16000000000000003,534.5
4,0.21000000000000002,534.5
5,0.26,534.5
6,0.31000000000000005,534.5
7,0.36000000000000004,534.5
8,0.41000000000000003,534.5
9,0.46,534.5
10,0.51,534.5
11,0.56,534.5
12,0.6100000000000001,534.5
13,0.66,534.5
14,0.7100000000000001,534.5
15,0.76,534.5
16,0.81,534.5
17,0.8600000000000001,534.5
18,0.91,534.5
19,0.9600000000000001,534.5
