,filename,mean_difference
0,1.0,0.7566312475403385
1,1.5,0.7566312475403385
2,2.0,0.7566312475403385
3,2.5,0.7566312475403385
4,3.0,0.7566312475403385
5,3.5,0.7566312475403385
6,4.0,0.7566312475403385
7,4.5,0.7566312475403385
8,5.0,0.7566312475403385
9,5.5,0.7566312475403385
