,filename,mean_difference
0,1.0,0.6492063492063492
1,1.5,0.6492063492063492
2,2.0,0.6492063492063492
3,2.5,0.6492063492063492
4,3.0,0.6492063492063492
5,3.5,0.6492063492063492
6,4.0,0.6492063492063492
7,4.5,0.6492063492063492
8,5.0,0.6492063492063492
9,5.5,0.6492063492063492
