,filename,mean_difference
0,0.0,0.20587301587301585
1,0.5,0.1695238095238095
2,1.0,0.073015873015873
3,1.5,0.10476190476190475
4,2.0,0.02222222222222222
5,2.5,0.01111111111111111
6,3.0,0.0
7,3.5,0.0
8,4.0,0.0
9,4.5,0.0
10,5.0,0.0
11,5.5,0.0
12,6.0,0.0
13,6.5,0.0
14,7.0,0.0
15,7.5,0.0
16,8.0,0.0
17,8.5,0.0
18,9.0,0.0
19,9.5,0.0
