,filename,mean_difference
0,1.0,0.770966530023602
1,1.5,0.770966530023602
2,2.0,0.770966530023602
3,2.5,0.770966530023602
4,3.0,0.770966530023602
5,3.5,0.770966530023602
6,4.0,0.770966530023602
7,4.5,0.770966530023602
8,5.0,0.770966530023602
9,5.5,0.770966530023602
