,filename,mean_difference
0,0.01,1.5431846309712234
1,0.060000000000000005,11.10291262454892
2,0.11,24.097965258087477
3,0.16000000000000003,54.05474503202322
4,0.21000000000000002,76.44929273720818
5,0.26,120.11016236918852
6,0.31000000000000005,119.50124399578645
7,0.36000000000000004,116.5422397468807
8,0.41000000000000003,132.45635044061075
9,0.46,155.175529149915
