,filename,mean_difference
0,0.01,15.5
1,0.060000000000000005,2.5454545454545454
2,0.11,6.3076923076923075
3,0.16000000000000003,5.0
4,0.21000000000000002,6.055555555555555
5,0.26,6.578947368421052
6,0.31000000000000005,6.65
7,0.36000000000000004,6.142857142857143
8,0.41000000000000003,3.8125
9,0.46,3.7777777777777777
