,filename,mean_difference
0,0.01,0.1398550724637681
1,0.060000000000000005,0.27229799186320924
2,0.11,0.3434112519257446
